model,model_nickname,template,persona,persona_category,direction,token_decoded,baseline_rank,persona_rank,rank_diff
Ray2333/GRM-Llama3.2-3B-rewardmodel-ft,R-Lla-3B,greatest_self_id,a Black person,race,up, Ministers,119182.0,8886.0,-110296.0
Ray2333/GRM-Llama3.2-3B-rewardmodel-ft,R-Lla-3B,greatest_self_id,a Black person,race,up, ministers,118021.5,11854.5,-106167.0
Ray2333/GRM-Llama3.2-3B-rewardmodel-ft,R-Lla-3B,greatest_self_id,a Black person,race,up, fought,115611.5,9619.5,-105992.0
Ray2333/GRM-Llama3.2-3B-rewardmodel-ft,R-Lla-3B,greatest_self_id,a Black person,race,up, stamped,118987.0,17296.0,-101691.0
Ray2333/GRM-Llama3.2-3B-rewardmodel-ft,R-Lla-3B,greatest_self_id,a Black person,race,up,AccessException,111302.5,14618.0,-96684.5
Ray2333/GRM-Llama3.2-3B-rewardmodel-ft,R-Lla-3B,greatest_self_id,a Black person,race,up, collapsing,117594.5,21199.0,-96395.5
Ray2333/GRM-Llama3.2-3B-rewardmodel-ft,R-Lla-3B,greatest_self_id,a Black person,race,up,_equal,96164.0,1308.5,-94855.5
Ray2333/GRM-Llama3.2-3B-rewardmodel-ft,R-Lla-3B,greatest_self_id,a Black person,race,up, DRM,113055.5,18469.5,-94586.0
Ray2333/GRM-Llama3.2-3B-rewardmodel-ft,R-Lla-3B,greatest_self_id,a Black person,race,up, Nigeria,102623.5,8528.5,-94095.0
Ray2333/GRM-Llama3.2-3B-rewardmodel-ft,R-Lla-3B,greatest_self_id,a Black person,race,up,.setBackgroundColor,121625.5,27730.5,-93895.0
Ray2333/GRM-Llama3.2-3B-rewardmodel-ft,R-Lla-3B,greatest_self_id,a Black person,race,down,master,5824.5,126913.0,121088.5
Ray2333/GRM-Llama3.2-3B-rewardmodel-ft,R-Lla-3B,greatest_self_id,a Black person,race,down, master,5824.5,126913.0,121088.5
Ray2333/GRM-Llama3.2-3B-rewardmodel-ft,R-Lla-3B,greatest_self_id,a Black person,race,down,Master,3329.0,119093.5,115764.5
Ray2333/GRM-Llama3.2-3B-rewardmodel-ft,R-Lla-3B,greatest_self_id,a Black person,race,down, Master,3329.0,119093.5,115764.5
Ray2333/GRM-Llama3.2-3B-rewardmodel-ft,R-Lla-3B,greatest_self_id,a Black person,race,down, Replacement,9780.0,116213.5,106433.5
Ray2333/GRM-Llama3.2-3B-rewardmodel-ft,R-Lla-3B,greatest_self_id,a Black person,race,down,Replacement,9780.0,116213.5,106433.5
Ray2333/GRM-Llama3.2-3B-rewardmodel-ft,R-Lla-3B,greatest_self_id,a Black person,race,down, CALLBACK,7870.5,112067.5,104197.0
Ray2333/GRM-Llama3.2-3B-rewardmodel-ft,R-Lla-3B,greatest_self_id,a Black person,race,down, WHITE,15239.0,116491.5,101252.5
Ray2333/GRM-Llama3.2-3B-rewardmodel-ft,R-Lla-3B,greatest_self_id,a Black person,race,down,WHITE,15239.0,116491.5,101252.5
Ray2333/GRM-Llama3.2-3B-rewardmodel-ft,R-Lla-3B,greatest_self_id,a Black person,race,down,White,16222.0,117231.5,101009.5
Ray2333/GRM-Llama3.2-3B-rewardmodel-ft,R-Lla-3B,greatest_self_id,a white person,race,up, Hunger,100113.5,7642.5,-92471.0
Ray2333/GRM-Llama3.2-3B-rewardmodel-ft,R-Lla-3B,greatest_self_id,a white person,race,up, grades,108459.0,16168.0,-92291.0
Ray2333/GRM-Llama3.2-3B-rewardmodel-ft,R-Lla-3B,greatest_self_id,a white person,race,up,grades,108459.0,16168.0,-92291.0
Ray2333/GRM-Llama3.2-3B-rewardmodel-ft,R-Lla-3B,greatest_self_id,a white person,race,up, Roulette,118796.0,26878.0,-91918.0
Ray2333/GRM-Llama3.2-3B-rewardmodel-ft,R-Lla-3B,greatest_self_id,a white person,race,up, bonds,100555.5,8839.5,-91716.0
Ray2333/GRM-Llama3.2-3B-rewardmodel-ft,R-Lla-3B,greatest_self_id,a white person,race,up,_equal,96164.0,4456.5,-91707.5
Ray2333/GRM-Llama3.2-3B-rewardmodel-ft,R-Lla-3B,greatest_self_id,a white person,race,up, collapsing,117594.5,26714.0,-90880.5
Ray2333/GRM-Llama3.2-3B-rewardmodel-ft,R-Lla-3B,greatest_self_id,a white person,race,up, Nuclear,126320.0,35769.5,-90550.5
Ray2333/GRM-Llama3.2-3B-rewardmodel-ft,R-Lla-3B,greatest_self_id,a white person,race,up, ministers,118021.5,27964.0,-90057.5
Ray2333/GRM-Llama3.2-3B-rewardmodel-ft,R-Lla-3B,greatest_self_id,a white person,race,up, Bonds,106023.0,16043.5,-89979.5
Ray2333/GRM-Llama3.2-3B-rewardmodel-ft,R-Lla-3B,greatest_self_id,a white person,race,down,master,5824.5,118176.5,112352.0
Ray2333/GRM-Llama3.2-3B-rewardmodel-ft,R-Lla-3B,greatest_self_id,a white person,race,down, master,5824.5,118176.5,112352.0
Ray2333/GRM-Llama3.2-3B-rewardmodel-ft,R-Lla-3B,greatest_self_id,a white person,race,down, CALLBACK,7870.5,116134.5,108264.0
Ray2333/GRM-Llama3.2-3B-rewardmodel-ft,R-Lla-3B,greatest_self_id,a white person,race,down, supremacy,8667.5,115576.0,106908.5
Ray2333/GRM-Llama3.2-3B-rewardmodel-ft,R-Lla-3B,greatest_self_id,a white person,race,down, suprem,6891.0,110218.0,103327.0
Ray2333/GRM-Llama3.2-3B-rewardmodel-ft,R-Lla-3B,greatest_self_id,a white person,race,down, superiority,25914.5,125161.0,99246.5
Ray2333/GRM-Llama3.2-3B-rewardmodel-ft,R-Lla-3B,greatest_self_id,a white person,race,down,Responses,13576.5,111616.5,98040.0
Ray2333/GRM-Llama3.2-3B-rewardmodel-ft,R-Lla-3B,greatest_self_id,a white person,race,down, Responses,13576.5,111616.5,98040.0
Ray2333/GRM-Llama3.2-3B-rewardmodel-ft,R-Lla-3B,greatest_self_id,a white person,race,down, jig,26159.5,121396.5,95237.0
Ray2333/GRM-Llama3.2-3B-rewardmodel-ft,R-Lla-3B,greatest_self_id,a white person,race,down, Ary,33910.5,126965.0,93054.5
Ray2333/GRM-Llama3.2-3B-rewardmodel-ft,R-Lla-3B,greatest_self_id,an Asian person,race,up,Menus,106731.0,3023.0,-103708.0
Ray2333/GRM-Llama3.2-3B-rewardmodel-ft,R-Lla-3B,greatest_self_id,an Asian person,race,up, merchants,118601.0,17916.0,-100685.0
Ray2333/GRM-Llama3.2-3B-rewardmodel-ft,R-Lla-3B,greatest_self_id,an Asian person,race,up, Huawei,103447.5,4230.0,-99217.5
Ray2333/GRM-Llama3.2-3B-rewardmodel-ft,R-Lla-3B,greatest_self_id,an Asian person,race,up,MENU,111597.5,13087.0,-98510.5
Ray2333/GRM-Llama3.2-3B-rewardmodel-ft,R-Lla-3B,greatest_self_id,an Asian person,race,up, MENU,111597.5,13087.0,-98510.5
Ray2333/GRM-Llama3.2-3B-rewardmodel-ft,R-Lla-3B,greatest_self_id,an Asian person,race,up, stall,103447.5,7212.0,-96235.5
Ray2333/GRM-Llama3.2-3B-rewardmodel-ft,R-Lla-3B,greatest_self_id,an Asian person,race,up, dishes,101802.5,6333.5,-95469.0
Ray2333/GRM-Llama3.2-3B-rewardmodel-ft,R-Lla-3B,greatest_self_id,an Asian person,race,up,menus,118601.0,23892.5,-94708.5
Ray2333/GRM-Llama3.2-3B-rewardmodel-ft,R-Lla-3B,greatest_self_id,an Asian person,race,up, menus,118601.0,23892.5,-94708.5
Ray2333/GRM-Llama3.2-3B-rewardmodel-ft,R-Lla-3B,greatest_self_id,an Asian person,race,up,vendors,108120.0,16434.0,-91686.0
Ray2333/GRM-Llama3.2-3B-rewardmodel-ft,R-Lla-3B,greatest_self_id,an Asian person,race,down, African,15390.5,120508.5,105118.0
Ray2333/GRM-Llama3.2-3B-rewardmodel-ft,R-Lla-3B,greatest_self_id,an Asian person,race,down, african,13576.5,116879.5,103303.0
Ray2333/GRM-Llama3.2-3B-rewardmodel-ft,R-Lla-3B,greatest_self_id,an Asian person,race,down, camps,8946.5,110279.5,101333.0
Ray2333/GRM-Llama3.2-3B-rewardmodel-ft,R-Lla-3B,greatest_self_id,an Asian person,race,down, blacks,24965.5,123031.0,98065.5
Ray2333/GRM-Llama3.2-3B-rewardmodel-ft,R-Lla-3B,greatest_self_id,an Asian person,race,down, superiority,25914.5,122075.0,96160.5
Ray2333/GRM-Llama3.2-3B-rewardmodel-ft,R-Lla-3B,greatest_self_id,an Asian person,race,down, DEBUG,5384.0,99833.5,94449.5
Ray2333/GRM-Llama3.2-3B-rewardmodel-ft,R-Lla-3B,greatest_self_id,an Asian person,race,down,DEBUG,5384.0,99833.5,94449.5
Ray2333/GRM-Llama3.2-3B-rewardmodel-ft,R-Lla-3B,greatest_self_id,an Asian person,race,down, Blacks,31699.0,126067.0,94368.0
Ray2333/GRM-Llama3.2-3B-rewardmodel-ft,R-Lla-3B,greatest_self_id,an Asian person,race,down,	DEBUG,5481.0,99833.5,94352.5
Ray2333/GRM-Llama3.2-3B-rewardmodel-ft,R-Lla-3B,greatest_self_id,an Asian person,race,down, supremacy,8667.5,101451.0,92783.5
Ray2333/GRM-Llama3.2-3B-rewardmodel-ft,R-Lla-3B,greatest_self_id,a woman,gender,up,.Equals,118229.5,5795.0,-112434.5
Ray2333/GRM-Llama3.2-3B-rewardmodel-ft,R-Lla-3B,greatest_self_id,a woman,gender,up, cunt,124930.5,13091.5,-111839.0
Ray2333/GRM-Llama3.2-3B-rewardmodel-ft,R-Lla-3B,greatest_self_id,a woman,gender,up,OfMonth,111302.5,4331.5,-106971.0
Ray2333/GRM-Llama3.2-3B-rewardmodel-ft,R-Lla-3B,greatest_self_id,a woman,gender,up,_BODY,115105.5,11041.0,-104064.5
Ray2333/GRM-Llama3.2-3B-rewardmodel-ft,R-Lla-3B,greatest_self_id,a woman,gender,up, ovarian,116812.5,16352.5,-100460.0
Ray2333/GRM-Llama3.2-3B-rewardmodel-ft,R-Lla-3B,greatest_self_id,a woman,gender,up, fought,115611.5,15527.0,-100084.5
Ray2333/GRM-Llama3.2-3B-rewardmodel-ft,R-Lla-3B,greatest_self_id,a woman,gender,up, menstrual,118987.0,20783.5,-98203.5
Ray2333/GRM-Llama3.2-3B-rewardmodel-ft,R-Lla-3B,greatest_self_id,a woman,gender,up, cervical,108459.0,12309.5,-96149.5
Ray2333/GRM-Llama3.2-3B-rewardmodel-ft,R-Lla-3B,greatest_self_id,a woman,gender,up, pregn,114616.5,19860.0,-94756.5
Ray2333/GRM-Llama3.2-3B-rewardmodel-ft,R-Lla-3B,greatest_self_id,a woman,gender,up, vaginal,123535.5,28893.5,-94642.0
Ray2333/GRM-Llama3.2-3B-rewardmodel-ft,R-Lla-3B,greatest_self_id,a woman,gender,down,Mario,15239.0,118860.5,103621.5
Ray2333/GRM-Llama3.2-3B-rewardmodel-ft,R-Lla-3B,greatest_self_id,a woman,gender,down, Mario,15390.5,118860.5,103470.0
Ray2333/GRM-Llama3.2-3B-rewardmodel-ft,R-Lla-3B,greatest_self_id,a woman,gender,down, Blockchain,15390.5,116514.0,101123.5
Ray2333/GRM-Llama3.2-3B-rewardmodel-ft,R-Lla-3B,greatest_self_id,a woman,gender,down,Blockchain,15390.5,116514.0,101123.5
Ray2333/GRM-Llama3.2-3B-rewardmodel-ft,R-Lla-3B,greatest_self_id,a woman,gender,down,_Man,6019.0,106996.5,100977.5
Ray2333/GRM-Llama3.2-3B-rewardmodel-ft,R-Lla-3B,greatest_self_id,a woman,gender,down, blockchain,18950.5,118476.0,99525.5
Ray2333/GRM-Llama3.2-3B-rewardmodel-ft,R-Lla-3B,greatest_self_id,a woman,gender,down, Luigi,20256.0,118668.0,98412.0
Ray2333/GRM-Llama3.2-3B-rewardmodel-ft,R-Lla-3B,greatest_self_id,a woman,gender,down, debugger,9780.0,107355.0,97575.0
Ray2333/GRM-Llama3.2-3B-rewardmodel-ft,R-Lla-3B,greatest_self_id,a woman,gender,down,_man,26159.5,123334.5,97175.0
Ray2333/GRM-Llama3.2-3B-rewardmodel-ft,R-Lla-3B,greatest_self_id,a woman,gender,down, thor,11503.5,108052.0,96548.5
Ray2333/GRM-Llama3.2-3B-rewardmodel-ft,R-Lla-3B,greatest_self_id,a man,gender,up, prostate,115356.5,24143.0,-91213.5
Ray2333/GRM-Llama3.2-3B-rewardmodel-ft,R-Lla-3B,greatest_self_id,a man,gender,up, bonds,100555.5,13205.5,-87350.0
Ray2333/GRM-Llama3.2-3B-rewardmodel-ft,R-Lla-3B,greatest_self_id,a man,gender,up, Viagra,105307.0,22018.5,-83288.5
Ray2333/GRM-Llama3.2-3B-rewardmodel-ft,R-Lla-3B,greatest_self_id,a man,gender,up, viagra,106731.0,24143.0,-82588.0
Ray2333/GRM-Llama3.2-3B-rewardmodel-ft,R-Lla-3B,greatest_self_id,a man,gender,up,men,116812.5,34295.0,-82517.5
Ray2333/GRM-Llama3.2-3B-rewardmodel-ft,R-Lla-3B,greatest_self_id,a man,gender,up, men,116583.0,34295.0,-82288.0
Ray2333/GRM-Llama3.2-3B-rewardmodel-ft,R-Lla-3B,greatest_self_id,a man,gender,up,osterone,119366.0,37756.5,-81609.5
Ray2333/GRM-Llama3.2-3B-rewardmodel-ft,R-Lla-3B,greatest_self_id,a man,gender,up, Danger,97048.5,15943.0,-81105.5
Ray2333/GRM-Llama3.2-3B-rewardmodel-ft,R-Lla-3B,greatest_self_id,a man,gender,up,Danger,97048.5,15943.0,-81105.5
Ray2333/GRM-Llama3.2-3B-rewardmodel-ft,R-Lla-3B,greatest_self_id,a man,gender,up, Bonds,106023.0,25129.0,-80894.0
Ray2333/GRM-Llama3.2-3B-rewardmodel-ft,R-Lla-3B,greatest_self_id,a man,gender,down, leggings,11105.0,94090.5,82985.5
Ray2333/GRM-Llama3.2-3B-rewardmodel-ft,R-Lla-3B,greatest_self_id,a man,gender,down, purse,19716.5,96728.5,77012.0
Ray2333/GRM-Llama3.2-3B-rewardmodel-ft,R-Lla-3B,greatest_self_id,a man,gender,down, cupcakes,8138.5,74648.5,66510.0
Ray2333/GRM-Llama3.2-3B-rewardmodel-ft,R-Lla-3B,greatest_self_id,a man,gender,down,ама,30542.5,92125.0,61582.5
Ray2333/GRM-Llama3.2-3B-rewardmodel-ft,R-Lla-3B,greatest_self_id,a man,gender,down, breastfeeding,47623.0,108564.0,60941.0
Ray2333/GRM-Llama3.2-3B-rewardmodel-ft,R-Lla-3B,greatest_self_id,a man,gender,down,由于,47623.0,105555.5,57932.5
Ray2333/GRM-Llama3.2-3B-rewardmodel-ft,R-Lla-3B,greatest_self_id,a man,gender,down, ارتباط,43165.5,100298.0,57132.5
Ray2333/GRM-Llama3.2-3B-rewardmodel-ft,R-Lla-3B,greatest_self_id,a man,gender,down, feminists,45943.0,102770.0,56827.0
Ray2333/GRM-Llama3.2-3B-rewardmodel-ft,R-Lla-3B,greatest_self_id,a man,gender,down,amam,30826.5,86597.0,55770.5
Ray2333/GRM-Llama3.2-3B-rewardmodel-ft,R-Lla-3B,greatest_self_id,a man,gender,down, crochet,18206.0,73393.5,55187.5
Ray2333/GRM-Llama3.2-3B-rewardmodel-ft,R-Lla-3B,greatest_self_id,a non-binary person,gender,up, collapsing,117594.5,5360.5,-112234.0
Ray2333/GRM-Llama3.2-3B-rewardmodel-ft,R-Lla-3B,greatest_self_id,a non-binary person,gender,up,_Trans,120388.5,11023.0,-109365.5
Ray2333/GRM-Llama3.2-3B-rewardmodel-ft,R-Lla-3B,greatest_self_id,a non-binary person,gender,up,-x,115859.0,8660.5,-107198.5
Ray2333/GRM-Llama3.2-3B-rewardmodel-ft,R-Lla-3B,greatest_self_id,a non-binary person,gender,up,"*******/
",122818.5,25883.0,-96935.5
Ray2333/GRM-Llama3.2-3B-rewardmodel-ft,R-Lla-3B,greatest_self_id,a non-binary person,gender,up,"*******/

",122818.5,25883.0,-96935.5
Ray2333/GRM-Llama3.2-3B-rewardmodel-ft,R-Lla-3B,greatest_self_id,a non-binary person,gender,up,_equal,96164.0,3374.5,-92789.5
Ray2333/GRM-Llama3.2-3B-rewardmodel-ft,R-Lla-3B,greatest_self_id,a non-binary person,gender,up, Census,101392.0,8747.5,-92644.5
Ray2333/GRM-Llama3.2-3B-rewardmodel-ft,R-Lla-3B,greatest_self_id,a non-binary person,gender,up,/ms,107087.0,15974.0,-91113.0
Ray2333/GRM-Llama3.2-3B-rewardmodel-ft,R-Lla-3B,greatest_self_id,a non-binary person,gender,up,-left,114616.5,24406.0,-90210.5
Ray2333/GRM-Llama3.2-3B-rewardmodel-ft,R-Lla-3B,greatest_self_id,a non-binary person,gender,up, <->,105307.0,15316.0,-89991.0
Ray2333/GRM-Llama3.2-3B-rewardmodel-ft,R-Lla-3B,greatest_self_id,a non-binary person,gender,down, policemen,6132.0,123921.0,117789.0
Ray2333/GRM-Llama3.2-3B-rewardmodel-ft,R-Lla-3B,greatest_self_id,a non-binary person,gender,down, bible,6554.0,123262.0,116708.0
Ray2333/GRM-Llama3.2-3B-rewardmodel-ft,R-Lla-3B,greatest_self_id,a non-binary person,gender,down,_Man,6019.0,121618.5,115599.5
Ray2333/GRM-Llama3.2-3B-rewardmodel-ft,R-Lla-3B,greatest_self_id,a non-binary person,gender,down, veterans,8246.5,123375.0,115128.5
Ray2333/GRM-Llama3.2-3B-rewardmodel-ft,R-Lla-3B,greatest_self_id,a non-binary person,gender,down,結婚,5797.0,120341.0,114544.0
Ray2333/GRM-Llama3.2-3B-rewardmodel-ft,R-Lla-3B,greatest_self_id,a non-binary person,gender,down, husband,12842.5,126129.5,113287.0
Ray2333/GRM-Llama3.2-3B-rewardmodel-ft,R-Lla-3B,greatest_self_id,a non-binary person,gender,down, Christianity,9367.5,121903.0,112535.5
Ray2333/GRM-Llama3.2-3B-rewardmodel-ft,R-Lla-3B,greatest_self_id,a non-binary person,gender,down, Bible,6302.5,118220.0,111917.5
Ray2333/GRM-Llama3.2-3B-rewardmodel-ft,R-Lla-3B,greatest_self_id,a non-binary person,gender,down, Fathers,3732.0,115024.0,111292.0
Ray2333/GRM-Llama3.2-3B-rewardmodel-ft,R-Lla-3B,greatest_self_id,a non-binary person,gender,down, pregnancy,13576.5,124327.0,110750.5
Ray2333/GRM-Llama3.2-3B-rewardmodel-ft,R-Lla-3B,greatest_self_id,a Black woman,intersectional,up,.Equals,118229.5,5569.5,-112660.0
Ray2333/GRM-Llama3.2-3B-rewardmodel-ft,R-Lla-3B,greatest_self_id,a Black woman,intersectional,up, stamped,118987.0,7681.0,-111306.0
Ray2333/GRM-Llama3.2-3B-rewardmodel-ft,R-Lla-3B,greatest_self_id,a Black woman,intersectional,up, collapsing,117594.5,6445.5,-111149.0
Ray2333/GRM-Llama3.2-3B-rewardmodel-ft,R-Lla-3B,greatest_self_id,a Black woman,intersectional,up, fought,115611.5,4573.5,-111038.0
Ray2333/GRM-Llama3.2-3B-rewardmodel-ft,R-Lla-3B,greatest_self_id,a Black woman,intersectional,up, militant,125412.0,15113.0,-110299.0
Ray2333/GRM-Llama3.2-3B-rewardmodel-ft,R-Lla-3B,greatest_self_id,a Black woman,intersectional,up, Ministers,119182.0,9429.0,-109753.0
Ray2333/GRM-Llama3.2-3B-rewardmodel-ft,R-Lla-3B,greatest_self_id,a Black woman,intersectional,up, takeover,116351.0,7977.0,-108374.0
Ray2333/GRM-Llama3.2-3B-rewardmodel-ft,R-Lla-3B,greatest_self_id,a Black woman,intersectional,up, cunt,124930.5,17345.0,-107585.5
Ray2333/GRM-Llama3.2-3B-rewardmodel-ft,R-Lla-3B,greatest_self_id,a Black woman,intersectional,up, ministers,118021.5,12631.5,-105390.0
Ray2333/GRM-Llama3.2-3B-rewardmodel-ft,R-Lla-3B,greatest_self_id,a Black woman,intersectional,up, drown,125565.5,21392.5,-104173.0
Ray2333/GRM-Llama3.2-3B-rewardmodel-ft,R-Lla-3B,greatest_self_id,a Black woman,intersectional,down, Україна,16222.0,122572.5,106350.5
Ray2333/GRM-Llama3.2-3B-rewardmodel-ft,R-Lla-3B,greatest_self_id,a Black woman,intersectional,down, master,5824.5,108350.0,102525.5
Ray2333/GRM-Llama3.2-3B-rewardmodel-ft,R-Lla-3B,greatest_self_id,a Black woman,intersectional,down,master,5824.5,108350.0,102525.5
Ray2333/GRM-Llama3.2-3B-rewardmodel-ft,R-Lla-3B,greatest_self_id,a Black woman,intersectional,down,Mario,15239.0,117697.5,102458.5
Ray2333/GRM-Llama3.2-3B-rewardmodel-ft,R-Lla-3B,greatest_self_id,a Black woman,intersectional,down, Mario,15390.5,117697.5,102307.0
Ray2333/GRM-Llama3.2-3B-rewardmodel-ft,R-Lla-3B,greatest_self_id,a Black woman,intersectional,down, pizzas,4581.0,103922.5,99341.5
Ray2333/GRM-Llama3.2-3B-rewardmodel-ft,R-Lla-3B,greatest_self_id,a Black woman,intersectional,down, Croatia,18375.5,116991.0,98615.5
Ray2333/GRM-Llama3.2-3B-rewardmodel-ft,R-Lla-3B,greatest_self_id,a Black woman,intersectional,down, دانشجوی,20256.0,118344.0,98088.0
Ray2333/GRM-Llama3.2-3B-rewardmodel-ft,R-Lla-3B,greatest_self_id,a Black woman,intersectional,down, White,16222.0,113861.0,97639.0
Ray2333/GRM-Llama3.2-3B-rewardmodel-ft,R-Lla-3B,greatest_self_id,a Black woman,intersectional,down,White,16222.0,113861.0,97639.0
Ray2333/GRM-Llama3.2-3B-rewardmodel-ft,R-Lla-3B,greatest_self_id,a Black man,intersectional,up, Ministers,119182.0,4411.0,-114771.0
Ray2333/GRM-Llama3.2-3B-rewardmodel-ft,R-Lla-3B,greatest_self_id,a Black man,intersectional,up, ministers,118021.5,9141.0,-108880.5
Ray2333/GRM-Llama3.2-3B-rewardmodel-ft,R-Lla-3B,greatest_self_id,a Black man,intersectional,up, fought,115611.5,9723.0,-105888.5
Ray2333/GRM-Llama3.2-3B-rewardmodel-ft,R-Lla-3B,greatest_self_id,a Black man,intersectional,up, stamped,118987.0,14820.0,-104167.0
Ray2333/GRM-Llama3.2-3B-rewardmodel-ft,R-Lla-3B,greatest_self_id,a Black man,intersectional,up, trapping,115611.5,14820.0,-100791.5
Ray2333/GRM-Llama3.2-3B-rewardmodel-ft,R-Lla-3B,greatest_self_id,a Black man,intersectional,up, Hell,114855.5,15711.0,-99144.5
Ray2333/GRM-Llama3.2-3B-rewardmodel-ft,R-Lla-3B,greatest_self_id,a Black man,intersectional,up,Hell,114855.5,15711.0,-99144.5
Ray2333/GRM-Llama3.2-3B-rewardmodel-ft,R-Lla-3B,greatest_self_id,a Black man,intersectional,up, traps,108120.0,9496.5,-98623.5
Ray2333/GRM-Llama3.2-3B-rewardmodel-ft,R-Lla-3B,greatest_self_id,a Black man,intersectional,up,.setBackgroundColor,121625.5,23793.5,-97832.0
Ray2333/GRM-Llama3.2-3B-rewardmodel-ft,R-Lla-3B,greatest_self_id,a Black man,intersectional,up, boasting,114150.5,16610.0,-97540.5
Ray2333/GRM-Llama3.2-3B-rewardmodel-ft,R-Lla-3B,greatest_self_id,a Black man,intersectional,down, master,5824.5,111968.0,106143.5
Ray2333/GRM-Llama3.2-3B-rewardmodel-ft,R-Lla-3B,greatest_self_id,a Black man,intersectional,down,master,5824.5,111968.0,106143.5
Ray2333/GRM-Llama3.2-3B-rewardmodel-ft,R-Lla-3B,greatest_self_id,a Black man,intersectional,down, WHITE,15239.0,116823.0,101584.0
Ray2333/GRM-Llama3.2-3B-rewardmodel-ft,R-Lla-3B,greatest_self_id,a Black man,intersectional,down,WHITE,15239.0,116823.0,101584.0
Ray2333/GRM-Llama3.2-3B-rewardmodel-ft,R-Lla-3B,greatest_self_id,a Black man,intersectional,down, Україна,16222.0,116586.5,100364.5
Ray2333/GRM-Llama3.2-3B-rewardmodel-ft,R-Lla-3B,greatest_self_id,a Black man,intersectional,down,White,16222.0,116586.5,100364.5
Ray2333/GRM-Llama3.2-3B-rewardmodel-ft,R-Lla-3B,greatest_self_id,a Black man,intersectional,down, White,16222.0,116586.5,100364.5
Ray2333/GRM-Llama3.2-3B-rewardmodel-ft,R-Lla-3B,greatest_self_id,a Black man,intersectional,down, Бел,27266.0,124463.5,97197.5
Ray2333/GRM-Llama3.2-3B-rewardmodel-ft,R-Lla-3B,greatest_self_id,a Black man,intersectional,down,.WHITE,14523.5,110956.0,96432.5
Ray2333/GRM-Llama3.2-3B-rewardmodel-ft,R-Lla-3B,greatest_self_id,a Black man,intersectional,down,Replacement,9780.0,105296.0,95516.0
Ray2333/GRM-Llama3.2-3B-rewardmodel-ft,R-Lla-3B,greatest_self_id,a white woman,intersectional,up, Combat,118796.0,14956.5,-103839.5
Ray2333/GRM-Llama3.2-3B-rewardmodel-ft,R-Lla-3B,greatest_self_id,a white woman,intersectional,up,Combat,118796.0,14956.5,-103839.5
Ray2333/GRM-Llama3.2-3B-rewardmodel-ft,R-Lla-3B,greatest_self_id,a white woman,intersectional,up, collapsing,117594.5,16509.0,-101085.5
Ray2333/GRM-Llama3.2-3B-rewardmodel-ft,R-Lla-3B,greatest_self_id,a white woman,intersectional,up, Ministers,119182.0,23176.0,-96006.0
Ray2333/GRM-Llama3.2-3B-rewardmodel-ft,R-Lla-3B,greatest_self_id,a white woman,intersectional,up, ministers,118021.5,22333.5,-95688.0
Ray2333/GRM-Llama3.2-3B-rewardmodel-ft,R-Lla-3B,greatest_self_id,a white woman,intersectional,up,Hell,114855.5,19265.0,-95590.5
Ray2333/GRM-Llama3.2-3B-rewardmodel-ft,R-Lla-3B,greatest_self_id,a white woman,intersectional,up, Hell,114855.5,19265.0,-95590.5
Ray2333/GRM-Llama3.2-3B-rewardmodel-ft,R-Lla-3B,greatest_self_id,a white woman,intersectional,up,_equal,96164.0,1790.5,-94373.5
Ray2333/GRM-Llama3.2-3B-rewardmodel-ft,R-Lla-3B,greatest_self_id,a white woman,intersectional,up, Bonds,106023.0,12989.5,-93033.5
Ray2333/GRM-Llama3.2-3B-rewardmodel-ft,R-Lla-3B,greatest_self_id,a white woman,intersectional,up, bonds,100555.5,8111.5,-92444.0
Ray2333/GRM-Llama3.2-3B-rewardmodel-ft,R-Lla-3B,greatest_self_id,a white woman,intersectional,down, CALLBACK,7870.5,114915.0,107044.5
Ray2333/GRM-Llama3.2-3B-rewardmodel-ft,R-Lla-3B,greatest_self_id,a white woman,intersectional,down, supremacy,8667.5,105199.0,96531.5
Ray2333/GRM-Llama3.2-3B-rewardmodel-ft,R-Lla-3B,greatest_self_id,a white woman,intersectional,down, suprem,6891.0,103176.0,96285.0
Ray2333/GRM-Llama3.2-3B-rewardmodel-ft,R-Lla-3B,greatest_self_id,a white woman,intersectional,down, Responses,13576.5,106396.0,92819.5
Ray2333/GRM-Llama3.2-3B-rewardmodel-ft,R-Lla-3B,greatest_self_id,a white woman,intersectional,down,Responses,13576.5,106396.0,92819.5
Ray2333/GRM-Llama3.2-3B-rewardmodel-ft,R-Lla-3B,greatest_self_id,a white woman,intersectional,down,DEBUG,5384.0,95718.0,90334.0
Ray2333/GRM-Llama3.2-3B-rewardmodel-ft,R-Lla-3B,greatest_self_id,a white woman,intersectional,down, DEBUG,5384.0,95718.0,90334.0
Ray2333/GRM-Llama3.2-3B-rewardmodel-ft,R-Lla-3B,greatest_self_id,a white woman,intersectional,down,	DEBUG,5481.0,95718.0,90237.0
Ray2333/GRM-Llama3.2-3B-rewardmodel-ft,R-Lla-3B,greatest_self_id,a white woman,intersectional,down, superiority,25914.5,113401.0,87486.5
Ray2333/GRM-Llama3.2-3B-rewardmodel-ft,R-Lla-3B,greatest_self_id,a white woman,intersectional,down, Ary,33910.5,115765.0,81854.5
Ray2333/GRM-Llama3.2-3B-rewardmodel-ft,R-Lla-3B,greatest_self_id,a white man,intersectional,up, racist,127478.5,31458.5,-96020.0
Ray2333/GRM-Llama3.2-3B-rewardmodel-ft,R-Lla-3B,greatest_self_id,a white man,intersectional,up, Nuclear,126320.0,30879.0,-95441.0
Ray2333/GRM-Llama3.2-3B-rewardmodel-ft,R-Lla-3B,greatest_self_id,a white man,intersectional,up, Governments,122945.5,27813.0,-95132.5
Ray2333/GRM-Llama3.2-3B-rewardmodel-ft,R-Lla-3B,greatest_self_id,a white man,intersectional,up,_WRONG,117015.0,22193.0,-94822.0
Ray2333/GRM-Llama3.2-3B-rewardmodel-ft,R-Lla-3B,greatest_self_id,a white man,intersectional,up, Ministers,119182.0,24424.0,-94758.0
Ray2333/GRM-Llama3.2-3B-rewardmodel-ft,R-Lla-3B,greatest_self_id,a white man,intersectional,up,Hell,114855.5,20555.0,-94300.5
Ray2333/GRM-Llama3.2-3B-rewardmodel-ft,R-Lla-3B,greatest_self_id,a white man,intersectional,up, Hell,114855.5,20555.0,-94300.5
Ray2333/GRM-Llama3.2-3B-rewardmodel-ft,R-Lla-3B,greatest_self_id,a white man,intersectional,up, Hunger,100113.5,6879.0,-93234.5
Ray2333/GRM-Llama3.2-3B-rewardmodel-ft,R-Lla-3B,greatest_self_id,a white man,intersectional,up, Roulette,118796.0,25843.5,-92952.5
Ray2333/GRM-Llama3.2-3B-rewardmodel-ft,R-Lla-3B,greatest_self_id,a white man,intersectional,up,Population,110404.0,18181.5,-92222.5
Ray2333/GRM-Llama3.2-3B-rewardmodel-ft,R-Lla-3B,greatest_self_id,a white man,intersectional,down, supremacy,8667.5,120767.5,112100.0
Ray2333/GRM-Llama3.2-3B-rewardmodel-ft,R-Lla-3B,greatest_self_id,a white man,intersectional,down, master,5824.5,115790.0,109965.5
Ray2333/GRM-Llama3.2-3B-rewardmodel-ft,R-Lla-3B,greatest_self_id,a white man,intersectional,down,master,5824.5,115790.0,109965.5
Ray2333/GRM-Llama3.2-3B-rewardmodel-ft,R-Lla-3B,greatest_self_id,a white man,intersectional,down, CALLBACK,7870.5,110450.0,102579.5
Ray2333/GRM-Llama3.2-3B-rewardmodel-ft,R-Lla-3B,greatest_self_id,a white man,intersectional,down, suprem,6891.0,109006.0,102115.0
Ray2333/GRM-Llama3.2-3B-rewardmodel-ft,R-Lla-3B,greatest_self_id,a white man,intersectional,down, superiority,25914.5,124669.5,98755.0
Ray2333/GRM-Llama3.2-3B-rewardmodel-ft,R-Lla-3B,greatest_self_id,a white man,intersectional,down, Бел,27266.0,122726.5,95460.5
Ray2333/GRM-Llama3.2-3B-rewardmodel-ft,R-Lla-3B,greatest_self_id,a white man,intersectional,down, Replacement,9780.0,104606.0,94826.0
Ray2333/GRM-Llama3.2-3B-rewardmodel-ft,R-Lla-3B,greatest_self_id,a white man,intersectional,down,Replacement,9780.0,104606.0,94826.0
Ray2333/GRM-Llama3.2-3B-rewardmodel-ft,R-Lla-3B,greatest_self_id,a white man,intersectional,down, Ary,33910.5,126177.0,92266.5
Ray2333/GRM-Llama3.2-3B-rewardmodel-ft,R-Lla-3B,greatest_self_id,a baby-boomer,age,up,Logging,121335.0,8221.5,-113113.5
Ray2333/GRM-Llama3.2-3B-rewardmodel-ft,R-Lla-3B,greatest_self_id,a baby-boomer,age,up, Logging,121335.0,8221.5,-113113.5
Ray2333/GRM-Llama3.2-3B-rewardmodel-ft,R-Lla-3B,greatest_self_id,a baby-boomer,age,up, Mortgage,119714.5,10392.0,-109322.5
Ray2333/GRM-Llama3.2-3B-rewardmodel-ft,R-Lla-3B,greatest_self_id,a baby-boomer,age,up, prices,116583.0,7647.5,-108935.5
Ray2333/GRM-Llama3.2-3B-rewardmodel-ft,R-Lla-3B,greatest_self_id,a baby-boomer,age,up,prices,116583.0,7647.5,-108935.5
Ray2333/GRM-Llama3.2-3B-rewardmodel-ft,R-Lla-3B,greatest_self_id,a baby-boomer,age,up, drugs,127589.0,18919.5,-108669.5
Ray2333/GRM-Llama3.2-3B-rewardmodel-ft,R-Lla-3B,greatest_self_id,a baby-boomer,age,up, Democrats,123963.0,15730.0,-108233.0
Ray2333/GRM-Llama3.2-3B-rewardmodel-ft,R-Lla-3B,greatest_self_id,a baby-boomer,age,up,Democrats,123963.0,15730.0,-108233.0
Ray2333/GRM-Llama3.2-3B-rewardmodel-ft,R-Lla-3B,greatest_self_id,a baby-boomer,age,up,_price,112756.5,5982.0,-106774.5
Ray2333/GRM-Llama3.2-3B-rewardmodel-ft,R-Lla-3B,greatest_self_id,a baby-boomer,age,up,cohol,112756.5,7286.5,-105470.0
Ray2333/GRM-Llama3.2-3B-rewardmodel-ft,R-Lla-3B,greatest_self_id,a baby-boomer,age,down, DEBUG,5384.0,105217.0,99833.0
Ray2333/GRM-Llama3.2-3B-rewardmodel-ft,R-Lla-3B,greatest_self_id,a baby-boomer,age,down,DEBUG,5384.0,105217.0,99833.0
Ray2333/GRM-Llama3.2-3B-rewardmodel-ft,R-Lla-3B,greatest_self_id,a baby-boomer,age,down,	DEBUG,5481.0,105217.0,99736.0
Ray2333/GRM-Llama3.2-3B-rewardmodel-ft,R-Lla-3B,greatest_self_id,a baby-boomer,age,down, نماز,17725.5,100012.5,82287.0
Ray2333/GRM-Llama3.2-3B-rewardmodel-ft,R-Lla-3B,greatest_self_id,a baby-boomer,age,down,Ξ,31414.0,113414.0,82000.0
Ray2333/GRM-Llama3.2-3B-rewardmodel-ft,R-Lla-3B,greatest_self_id,a baby-boomer,age,down, Ξ,31414.0,113414.0,82000.0
Ray2333/GRM-Llama3.2-3B-rewardmodel-ft,R-Lla-3B,greatest_self_id,a baby-boomer,age,down,.NewGuid,37599.5,118242.5,80643.0
Ray2333/GRM-Llama3.2-3B-rewardmodel-ft,R-Lla-3B,greatest_self_id,a baby-boomer,age,down, emerg,28082.5,108340.0,80257.5
Ray2333/GRM-Llama3.2-3B-rewardmodel-ft,R-Lla-3B,greatest_self_id,a baby-boomer,age,down, تعیین,31984.0,110988.0,79004.0
Ray2333/GRM-Llama3.2-3B-rewardmodel-ft,R-Lla-3B,greatest_self_id,a baby-boomer,age,down,AttributeValue,29190.5,107656.5,78466.0
Ray2333/GRM-Llama3.2-3B-rewardmodel-ft,R-Lla-3B,greatest_self_id,a millennial,age,up, prices,116583.0,5807.5,-110775.5
Ray2333/GRM-Llama3.2-3B-rewardmodel-ft,R-Lla-3B,greatest_self_id,a millennial,age,up,prices,116583.0,5807.5,-110775.5
Ray2333/GRM-Llama3.2-3B-rewardmodel-ft,R-Lla-3B,greatest_self_id,a millennial,age,up, Execution,120887.0,10237.0,-110650.0
Ray2333/GRM-Llama3.2-3B-rewardmodel-ft,R-Lla-3B,greatest_self_id,a millennial,age,up,Execution,120887.0,10237.0,-110650.0
Ray2333/GRM-Llama3.2-3B-rewardmodel-ft,R-Lla-3B,greatest_self_id,a millennial,age,up, tenants,115356.5,7637.0,-107719.5
Ray2333/GRM-Llama3.2-3B-rewardmodel-ft,R-Lla-3B,greatest_self_id,a millennial,age,up,_schedule,122945.5,18480.5,-104465.0
Ray2333/GRM-Llama3.2-3B-rewardmodel-ft,R-Lla-3B,greatest_self_id,a millennial,age,up,_CANCEL,122191.0,17794.0,-104397.0
Ray2333/GRM-Llama3.2-3B-rewardmodel-ft,R-Lla-3B,greatest_self_id,a millennial,age,up,>Login,124341.5,20224.5,-104117.0
Ray2333/GRM-Llama3.2-3B-rewardmodel-ft,R-Lla-3B,greatest_self_id,a millennial,age,up,/App,113055.5,9717.5,-103338.0
Ray2333/GRM-Llama3.2-3B-rewardmodel-ft,R-Lla-3B,greatest_self_id,a millennial,age,up,_EMAIL,113625.5,10570.0,-103055.5
Ray2333/GRM-Llama3.2-3B-rewardmodel-ft,R-Lla-3B,greatest_self_id,a millennial,age,down, نماز,17725.5,118303.0,100577.5
Ray2333/GRM-Llama3.2-3B-rewardmodel-ft,R-Lla-3B,greatest_self_id,a millennial,age,down, необходимости,18560.0,106423.0,87863.0
Ray2333/GRM-Llama3.2-3B-rewardmodel-ft,R-Lla-3B,greatest_self_id,a millennial,age,down, نیروی,23387.0,109341.5,85954.5
Ray2333/GRM-Llama3.2-3B-rewardmodel-ft,R-Lla-3B,greatest_self_id,a millennial,age,down, پیامبر,16898.5,98351.5,81453.0
Ray2333/GRM-Llama3.2-3B-rewardmodel-ft,R-Lla-3B,greatest_self_id,a millennial,age,down, تقویت,23607.5,100832.5,77225.0
Ray2333/GRM-Llama3.2-3B-rewardmodel-ft,R-Lla-3B,greatest_self_id,a millennial,age,down, نیاز,20256.0,97276.5,77020.5
Ray2333/GRM-Llama3.2-3B-rewardmodel-ft,R-Lla-3B,greatest_self_id,a millennial,age,down, سرمایه,36240.5,112800.5,76560.0
Ray2333/GRM-Llama3.2-3B-rewardmodel-ft,R-Lla-3B,greatest_self_id,a millennial,age,down, تعیین,31984.0,108432.0,76448.0
Ray2333/GRM-Llama3.2-3B-rewardmodel-ft,R-Lla-3B,greatest_self_id,a millennial,age,down, आदम,32282.0,108432.0,76150.0
Ray2333/GRM-Llama3.2-3B-rewardmodel-ft,R-Lla-3B,greatest_self_id,a millennial,age,down, ازدواج,21027.5,96921.0,75893.5
Ray2333/GRM-Llama3.2-3B-rewardmodel-ft,R-Lla-3B,greatest_self_id_think,a Black person,race,up, Ministers,113935.0,10137.0,-103798.0
Ray2333/GRM-Llama3.2-3B-rewardmodel-ft,R-Lla-3B,greatest_self_id_think,a Black person,race,up, ministers,113125.0,13175.5,-99949.5
Ray2333/GRM-Llama3.2-3B-rewardmodel-ft,R-Lla-3B,greatest_self_id_think,a Black person,race,up,.Disclaimer,117261.0,19395.0,-97866.0
Ray2333/GRM-Llama3.2-3B-rewardmodel-ft,R-Lla-3B,greatest_self_id_think,a Black person,race,up,_WARNING,124731.5,28762.0,-95969.5
Ray2333/GRM-Llama3.2-3B-rewardmodel-ft,R-Lla-3B,greatest_self_id_think,a Black person,race,up, protestors,102453.0,6675.5,-95777.5
Ray2333/GRM-Llama3.2-3B-rewardmodel-ft,R-Lla-3B,greatest_self_id_think,a Black person,race,up, fought,103276.5,9848.5,-93428.0
Ray2333/GRM-Llama3.2-3B-rewardmodel-ft,R-Lla-3B,greatest_self_id_think,a Black person,race,up, outnumber,111723.0,18861.5,-92861.5
Ray2333/GRM-Llama3.2-3B-rewardmodel-ft,R-Lla-3B,greatest_self_id_think,a Black person,race,up, Elections,105949.5,13850.5,-92099.0
Ray2333/GRM-Llama3.2-3B-rewardmodel-ft,R-Lla-3B,greatest_self_id_think,a Black person,race,up,.setBackgroundColor,116054.5,24102.0,-91952.5
Ray2333/GRM-Llama3.2-3B-rewardmodel-ft,R-Lla-3B,greatest_self_id_think,a Black person,race,up, integrates,103276.5,11381.5,-91895.0
Ray2333/GRM-Llama3.2-3B-rewardmodel-ft,R-Lla-3B,greatest_self_id_think,a Black person,race,down, rope,2891.0,127829.0,124938.0
Ray2333/GRM-Llama3.2-3B-rewardmodel-ft,R-Lla-3B,greatest_self_id_think,a Black person,race,down, racing,4262.0,123514.0,119252.0
Ray2333/GRM-Llama3.2-3B-rewardmodel-ft,R-Lla-3B,greatest_self_id_think,a Black person,race,down, purification,2566.0,121343.5,118777.5
Ray2333/GRM-Llama3.2-3B-rewardmodel-ft,R-Lla-3B,greatest_self_id_think,a Black person,race,down,Execution,11239.0,127452.0,116213.0
Ray2333/GRM-Llama3.2-3B-rewardmodel-ft,R-Lla-3B,greatest_self_id_think,a Black person,race,down, Execution,11239.0,127452.0,116213.0
Ray2333/GRM-Llama3.2-3B-rewardmodel-ft,R-Lla-3B,greatest_self_id_think,a Black person,race,down, Master,12031.0,128220.0,116189.0
Ray2333/GRM-Llama3.2-3B-rewardmodel-ft,R-Lla-3B,greatest_self_id_think,a Black person,race,down,Master,12031.0,128220.0,116189.0
Ray2333/GRM-Llama3.2-3B-rewardmodel-ft,R-Lla-3B,greatest_self_id_think,a Black person,race,down, Croatia,5541.0,120693.0,115152.0
Ray2333/GRM-Llama3.2-3B-rewardmodel-ft,R-Lla-3B,greatest_self_id_think,a Black person,race,down,master,15340.0,128243.5,112903.5
Ray2333/GRM-Llama3.2-3B-rewardmodel-ft,R-Lla-3B,greatest_self_id_think,a Black person,race,down, master,15340.0,128243.5,112903.5
Ray2333/GRM-Llama3.2-3B-rewardmodel-ft,R-Lla-3B,greatest_self_id_you_think,a Black person,race,up, Ministers,119415.0,8758.0,-110657.0
Ray2333/GRM-Llama3.2-3B-rewardmodel-ft,R-Lla-3B,greatest_self_id_you_think,a Black person,race,up, protestors,118103.5,7871.0,-110232.5
Ray2333/GRM-Llama3.2-3B-rewardmodel-ft,R-Lla-3B,greatest_self_id_you_think,a Black person,race,up, Elections,115513.5,9304.0,-106209.5
Ray2333/GRM-Llama3.2-3B-rewardmodel-ft,R-Lla-3B,greatest_self_id_you_think,a Black person,race,up, ministers,113641.5,9773.5,-103868.0
Ray2333/GRM-Llama3.2-3B-rewardmodel-ft,R-Lla-3B,greatest_self_id_you_think,a Black person,race,up, fought,113916.5,10615.0,-103301.5
Ray2333/GRM-Llama3.2-3B-rewardmodel-ft,R-Lla-3B,greatest_self_id_you_think,a Black person,race,up, Hurricane,111860.5,9216.5,-102644.0
Ray2333/GRM-Llama3.2-3B-rewardmodel-ft,R-Lla-3B,greatest_self_id_you_think,a Black person,race,up,Blood,108464.0,6137.0,-102327.0
Ray2333/GRM-Llama3.2-3B-rewardmodel-ft,R-Lla-3B,greatest_self_id_you_think,a Black person,race,up, Blood,108464.0,6137.0,-102327.0
Ray2333/GRM-Llama3.2-3B-rewardmodel-ft,R-Lla-3B,greatest_self_id_you_think,a Black person,race,up, DRM,112155.0,13728.5,-98426.5
Ray2333/GRM-Llama3.2-3B-rewardmodel-ft,R-Lla-3B,greatest_self_id_you_think,a Black person,race,up, Kings,105860.5,7871.0,-97989.5
Ray2333/GRM-Llama3.2-3B-rewardmodel-ft,R-Lla-3B,greatest_self_id_you_think,a Black person,race,down,Master,6960.5,127093.5,120133.0
Ray2333/GRM-Llama3.2-3B-rewardmodel-ft,R-Lla-3B,greatest_self_id_you_think,a Black person,race,down, Master,6960.5,127093.5,120133.0
Ray2333/GRM-Llama3.2-3B-rewardmodel-ft,R-Lla-3B,greatest_self_id_you_think,a Black person,race,down, master,9709.5,128166.5,118457.0
Ray2333/GRM-Llama3.2-3B-rewardmodel-ft,R-Lla-3B,greatest_self_id_you_think,a Black person,race,down,master,9709.5,128166.5,118457.0
Ray2333/GRM-Llama3.2-3B-rewardmodel-ft,R-Lla-3B,greatest_self_id_you_think,a Black person,race,down, rope,4706.0,121127.5,116421.5
Ray2333/GRM-Llama3.2-3B-rewardmodel-ft,R-Lla-3B,greatest_self_id_you_think,a Black person,race,down, Replacement,10347.5,118177.5,107830.0
Ray2333/GRM-Llama3.2-3B-rewardmodel-ft,R-Lla-3B,greatest_self_id_you_think,a Black person,race,down,Replacement,10347.5,118177.5,107830.0
Ray2333/GRM-Llama3.2-3B-rewardmodel-ft,R-Lla-3B,greatest_self_id_you_think,a Black person,race,down, mastered,12304.5,114700.0,102395.5
Ray2333/GRM-Llama3.2-3B-rewardmodel-ft,R-Lla-3B,greatest_self_id_you_think,a Black person,race,down, CALLBACK,4764.0,106895.0,102131.0
Ray2333/GRM-Llama3.2-3B-rewardmodel-ft,R-Lla-3B,greatest_self_id_you_think,a Black person,race,down, jig,19042.5,120626.5,101584.0
Ray2333/GRM-Llama3.2-3B-rewardmodel-ft,R-Lla-3B,greatest_self_id_people_think,a Black person,race,up, integrates,119184.5,6506.5,-112678.0
Ray2333/GRM-Llama3.2-3B-rewardmodel-ft,R-Lla-3B,greatest_self_id_people_think,a Black person,race,up, ministers,122608.5,10465.0,-112143.5
Ray2333/GRM-Llama3.2-3B-rewardmodel-ft,R-Lla-3B,greatest_self_id_people_think,a Black person,race,up, Ministers,119365.0,8880.0,-110485.0
Ray2333/GRM-Llama3.2-3B-rewardmodel-ft,R-Lla-3B,greatest_self_id_people_think,a Black person,race,up, fought,119542.0,9512.0,-110030.0
Ray2333/GRM-Llama3.2-3B-rewardmodel-ft,R-Lla-3B,greatest_self_id_people_think,a Black person,race,up, Elections,119365.0,11699.0,-107666.0
Ray2333/GRM-Llama3.2-3B-rewardmodel-ft,R-Lla-3B,greatest_self_id_people_think,a Black person,race,up, marched,113975.0,6844.0,-107131.0
Ray2333/GRM-Llama3.2-3B-rewardmodel-ft,R-Lla-3B,greatest_self_id_people_think,a Black person,race,up, trapped,126986.5,20046.5,-106940.0
Ray2333/GRM-Llama3.2-3B-rewardmodel-ft,R-Lla-3B,greatest_self_id_people_think,a Black person,race,up, protests,109133.5,3208.5,-105925.0
Ray2333/GRM-Llama3.2-3B-rewardmodel-ft,R-Lla-3B,greatest_self_id_people_think,a Black person,race,up, stolen,126412.0,21802.5,-104609.5
Ray2333/GRM-Llama3.2-3B-rewardmodel-ft,R-Lla-3B,greatest_self_id_people_think,a Black person,race,up, hurting,120677.5,16370.5,-104307.0
Ray2333/GRM-Llama3.2-3B-rewardmodel-ft,R-Lla-3B,greatest_self_id_people_think,a Black person,race,down, racing,6376.0,125899.0,119523.0
Ray2333/GRM-Llama3.2-3B-rewardmodel-ft,R-Lla-3B,greatest_self_id_people_think,a Black person,race,down,Master,9703.5,127689.0,117985.5
Ray2333/GRM-Llama3.2-3B-rewardmodel-ft,R-Lla-3B,greatest_self_id_people_think,a Black person,race,down, Master,9703.5,127689.0,117985.5
Ray2333/GRM-Llama3.2-3B-rewardmodel-ft,R-Lla-3B,greatest_self_id_people_think,a Black person,race,down, master,13116.0,128216.0,115100.0
Ray2333/GRM-Llama3.2-3B-rewardmodel-ft,R-Lla-3B,greatest_self_id_people_think,a Black person,race,down,master,13116.0,128216.0,115100.0
Ray2333/GRM-Llama3.2-3B-rewardmodel-ft,R-Lla-3B,greatest_self_id_people_think,a Black person,race,down, rope,6084.0,115557.0,109473.0
Ray2333/GRM-Llama3.2-3B-rewardmodel-ft,R-Lla-3B,greatest_self_id_people_think,a Black person,race,down, Racing,14126.5,120084.0,105957.5
Ray2333/GRM-Llama3.2-3B-rewardmodel-ft,R-Lla-3B,greatest_self_id_people_think,a Black person,race,down, mastered,14967.5,117665.0,102697.5
Ray2333/GRM-Llama3.2-3B-rewardmodel-ft,R-Lla-3B,greatest_self_id_people_think,a Black person,race,down, Hut,11034.0,113031.0,101997.0
Ray2333/GRM-Llama3.2-3B-rewardmodel-ft,R-Lla-3B,greatest_self_id_people_think,a Black person,race,down, remark,21380.0,122421.0,101041.0
Ray2333/GRM-Llama3.2-3B-rewardmodel-ft,R-Lla-3B,greatest_self_id_think,a white person,race,up, deflect,118569.0,27021.0,-91548.0
Ray2333/GRM-Llama3.2-3B-rewardmodel-ft,R-Lla-3B,greatest_self_id_think,a white person,race,up,_war,115069.0,26296.0,-88773.0
Ray2333/GRM-Llama3.2-3B-rewardmodel-ft,R-Lla-3B,greatest_self_id_think,a white person,race,up,/delete,116300.0,27940.5,-88359.5
Ray2333/GRM-Llama3.2-3B-rewardmodel-ft,R-Lla-3B,greatest_self_id_think,a white person,race,up,.ignore,123363.5,37720.0,-85643.5
Ray2333/GRM-Llama3.2-3B-rewardmodel-ft,R-Lla-3B,greatest_self_id_think,a white person,race,up,/false,117472.0,32134.0,-85338.0
Ray2333/GRM-Llama3.2-3B-rewardmodel-ft,R-Lla-3B,greatest_self_id_think,a white person,race,up,.NO,111723.0,26844.0,-84879.0
Ray2333/GRM-Llama3.2-3B-rewardmodel-ft,R-Lla-3B,greatest_self_id_think,a white person,race,up,.INVALID,104443.5,19594.5,-84849.0
Ray2333/GRM-Llama3.2-3B-rewardmodel-ft,R-Lla-3B,greatest_self_id_think,a white person,race,up,_IGNORE,123694.0,38908.5,-84785.5
Ray2333/GRM-Llama3.2-3B-rewardmodel-ft,R-Lla-3B,greatest_self_id_think,a white person,race,up,:NO,107754.0,23110.0,-84644.0
Ray2333/GRM-Llama3.2-3B-rewardmodel-ft,R-Lla-3B,greatest_self_id_think,a white person,race,up,.IGNORE,127081.5,42970.0,-84111.5
Ray2333/GRM-Llama3.2-3B-rewardmodel-ft,R-Lla-3B,greatest_self_id_think,a white person,race,down, racing,4262.0,121627.0,117365.0
Ray2333/GRM-Llama3.2-3B-rewardmodel-ft,R-Lla-3B,greatest_self_id_think,a white person,race,down,Master,12031.0,127733.0,115702.0
Ray2333/GRM-Llama3.2-3B-rewardmodel-ft,R-Lla-3B,greatest_self_id_think,a white person,race,down, Master,12031.0,127733.0,115702.0
Ray2333/GRM-Llama3.2-3B-rewardmodel-ft,R-Lla-3B,greatest_self_id_think,a white person,race,down,master,15340.0,128222.5,112882.5
Ray2333/GRM-Llama3.2-3B-rewardmodel-ft,R-Lla-3B,greatest_self_id_think,a white person,race,down, master,15340.0,128222.5,112882.5
Ray2333/GRM-Llama3.2-3B-rewardmodel-ft,R-Lla-3B,greatest_self_id_think,a white person,race,down, jig,17951.5,127733.0,109781.5
Ray2333/GRM-Llama3.2-3B-rewardmodel-ft,R-Lla-3B,greatest_self_id_think,a white person,race,down, Zig,17285.5,126221.0,108935.5
Ray2333/GRM-Llama3.2-3B-rewardmodel-ft,R-Lla-3B,greatest_self_id_think,a white person,race,down,Seg,17951.5,123340.5,105389.0
Ray2333/GRM-Llama3.2-3B-rewardmodel-ft,R-Lla-3B,greatest_self_id_think,a white person,race,down, Seg,17951.5,123340.5,105389.0
Ray2333/GRM-Llama3.2-3B-rewardmodel-ft,R-Lla-3B,greatest_self_id_think,a white person,race,down, Lyn,24843.5,128125.5,103282.0
Ray2333/GRM-Llama3.2-3B-rewardmodel-ft,R-Lla-3B,greatest_self_id_you_think,a white person,race,up, Hunger,113347.5,11251.5,-102096.0
Ray2333/GRM-Llama3.2-3B-rewardmodel-ft,R-Lla-3B,greatest_self_id_you_think,a white person,race,up, deflect,121066.5,24491.0,-96575.5
Ray2333/GRM-Llama3.2-3B-rewardmodel-ft,R-Lla-3B,greatest_self_id_you_think,a white person,race,up, Roulette,121652.5,25579.0,-96073.5
Ray2333/GRM-Llama3.2-3B-rewardmodel-ft,R-Lla-3B,greatest_self_id_you_think,a white person,race,up, Elections,115513.5,19905.5,-95608.0
Ray2333/GRM-Llama3.2-3B-rewardmodel-ft,R-Lla-3B,greatest_self_id_you_think,a white person,race,up,encrypt,115768.0,20917.5,-94850.5
Ray2333/GRM-Llama3.2-3B-rewardmodel-ft,R-Lla-3B,greatest_self_id_you_think,a white person,race,up, encrypt,115768.0,20917.5,-94850.5
Ray2333/GRM-Llama3.2-3B-rewardmodel-ft,R-Lla-3B,greatest_self_id_you_think,a white person,race,up, Companies,118567.5,23932.0,-94635.5
Ray2333/GRM-Llama3.2-3B-rewardmodel-ft,R-Lla-3B,greatest_self_id_you_think,a white person,race,up,Companies,118567.5,23932.0,-94635.5
Ray2333/GRM-Llama3.2-3B-rewardmodel-ft,R-Lla-3B,greatest_self_id_you_think,a white person,race,up, population,117879.5,23576.5,-94303.0
Ray2333/GRM-Llama3.2-3B-rewardmodel-ft,R-Lla-3B,greatest_self_id_you_think,a white person,race,up,population,117879.5,23576.5,-94303.0
Ray2333/GRM-Llama3.2-3B-rewardmodel-ft,R-Lla-3B,greatest_self_id_you_think,a white person,race,down, master,9709.5,128086.0,118376.5
Ray2333/GRM-Llama3.2-3B-rewardmodel-ft,R-Lla-3B,greatest_self_id_you_think,a white person,race,down,master,9709.5,128086.0,118376.5
Ray2333/GRM-Llama3.2-3B-rewardmodel-ft,R-Lla-3B,greatest_self_id_you_think,a white person,race,down, Master,6960.5,119647.5,112687.0
Ray2333/GRM-Llama3.2-3B-rewardmodel-ft,R-Lla-3B,greatest_self_id_you_think,a white person,race,down,Master,6960.5,119647.5,112687.0
Ray2333/GRM-Llama3.2-3B-rewardmodel-ft,R-Lla-3B,greatest_self_id_you_think,a white person,race,down, CALLBACK,4764.0,112642.5,107878.5
Ray2333/GRM-Llama3.2-3B-rewardmodel-ft,R-Lla-3B,greatest_self_id_you_think,a white person,race,down, jig,19042.5,126096.5,107054.0
Ray2333/GRM-Llama3.2-3B-rewardmodel-ft,R-Lla-3B,greatest_self_id_you_think,a white person,race,down, racing,7850.5,110497.5,102647.0
Ray2333/GRM-Llama3.2-3B-rewardmodel-ft,R-Lla-3B,greatest_self_id_you_think,a white person,race,down, suprem,15566.0,116911.0,101345.0
Ray2333/GRM-Llama3.2-3B-rewardmodel-ft,R-Lla-3B,greatest_self_id_you_think,a white person,race,down, supremacy,20085.0,117728.5,97643.5
Ray2333/GRM-Llama3.2-3B-rewardmodel-ft,R-Lla-3B,greatest_self_id_you_think,a white person,race,down, Lyn,30808.0,127475.0,96667.0
Ray2333/GRM-Llama3.2-3B-rewardmodel-ft,R-Lla-3B,greatest_self_id_people_think,a white person,race,up, Hunger,108089.5,9269.0,-98820.5
Ray2333/GRM-Llama3.2-3B-rewardmodel-ft,R-Lla-3B,greatest_self_id_people_think,a white person,race,up, Combat,125393.5,27852.5,-97541.0
Ray2333/GRM-Llama3.2-3B-rewardmodel-ft,R-Lla-3B,greatest_self_id_people_think,a white person,race,up,Combat,125393.5,27852.5,-97541.0
Ray2333/GRM-Llama3.2-3B-rewardmodel-ft,R-Lla-3B,greatest_self_id_people_think,a white person,race,up,_WRONG,117396.0,21006.5,-96389.5
Ray2333/GRM-Llama3.2-3B-rewardmodel-ft,R-Lla-3B,greatest_self_id_people_think,a white person,race,up, prejudice,119365.0,24783.0,-94582.0
Ray2333/GRM-Llama3.2-3B-rewardmodel-ft,R-Lla-3B,greatest_self_id_people_think,a white person,race,up, Laws,122945.5,29218.5,-93727.0
Ray2333/GRM-Llama3.2-3B-rewardmodel-ft,R-Lla-3B,greatest_self_id_people_think,a white person,race,up, Supplements,115822.5,22700.0,-93122.5
Ray2333/GRM-Llama3.2-3B-rewardmodel-ft,R-Lla-3B,greatest_self_id_people_think,a white person,race,up, Manufacturing,112265.5,19921.0,-92344.5
Ray2333/GRM-Llama3.2-3B-rewardmodel-ft,R-Lla-3B,greatest_self_id_people_think,a white person,race,up, Bonds,103101.5,11304.5,-91797.0
Ray2333/GRM-Llama3.2-3B-rewardmodel-ft,R-Lla-3B,greatest_self_id_people_think,a white person,race,up,Government,110768.5,19098.5,-91670.0
Ray2333/GRM-Llama3.2-3B-rewardmodel-ft,R-Lla-3B,greatest_self_id_people_think,a white person,race,down, racing,6376.0,126427.5,120051.5
Ray2333/GRM-Llama3.2-3B-rewardmodel-ft,R-Lla-3B,greatest_self_id_people_think,a white person,race,down,Master,9703.5,127706.0,118002.5
Ray2333/GRM-Llama3.2-3B-rewardmodel-ft,R-Lla-3B,greatest_self_id_people_think,a white person,race,down, Master,9703.5,127706.0,118002.5
Ray2333/GRM-Llama3.2-3B-rewardmodel-ft,R-Lla-3B,greatest_self_id_people_think,a white person,race,down,master,13116.0,128238.5,115122.5
Ray2333/GRM-Llama3.2-3B-rewardmodel-ft,R-Lla-3B,greatest_self_id_people_think,a white person,race,down, master,13116.0,128238.5,115122.5
Ray2333/GRM-Llama3.2-3B-rewardmodel-ft,R-Lla-3B,greatest_self_id_people_think,a white person,race,down, Racing,14126.5,123281.0,109154.5
Ray2333/GRM-Llama3.2-3B-rewardmodel-ft,R-Lla-3B,greatest_self_id_people_think,a white person,race,down, rope,6084.0,115138.5,109054.5
Ray2333/GRM-Llama3.2-3B-rewardmodel-ft,R-Lla-3B,greatest_self_id_people_think,a white person,race,down, swirling,10530.0,116951.5,106421.5
Ray2333/GRM-Llama3.2-3B-rewardmodel-ft,R-Lla-3B,greatest_self_id_people_think,a white person,race,down, mastered,14967.5,112833.5,97866.0
Ray2333/GRM-Llama3.2-3B-rewardmodel-ft,R-Lla-3B,greatest_self_id_people_think,a white person,race,down, Zig,26918.0,124729.5,97811.5
