token_id,token_name,token_decoded,greatest,best,worst
1,<eos>,<eos>,-6.9609375,-7.05859375,-8.4453125
2,<bos>,<bos>,-4.47265625,-4.9453125,-5.94140625
3,<unk>,<unk>,-5.5078125,-5.93359375,-7.59375
4,<mask>,<mask>,-5.8984375,-5.91796875,-6.95703125
5,<2mass>,<2mass>,-6.4296875,-6.88671875,-8.4453125
6,[@BOS@],[@BOS@],-6.5,-6.953125,-8.53125
7,<unused0>,<unused0>,-6.12890625,-6.57421875,-8.0078125
8,<unused1>,<unused1>,-6.44921875,-6.90625,-8.4921875
9,<unused2>,<unused2>,-5.625,-6.0859375,-7.73046875
10,<unused3>,<unused3>,-6.5,-6.94921875,-8.546875
11,<unused4>,<unused4>,-5.9375,-6.41796875,-8.0078125
12,<unused5>,<unused5>,-6.46484375,-6.9140625,-8.4609375
13,<unused6>,<unused6>,-6.4921875,-6.93359375,-8.515625
14,<unused7>,<unused7>,-6.45703125,-6.9140625,-8.515625
15,<unused8>,<unused8>,-6.49609375,-6.9453125,-8.5390625
16,<unused9>,<unused9>,-5.96875,-6.46484375,-8.0078125
17,<unused10>,<unused10>,-6.54296875,-6.98828125,-8.5546875
18,<unused11>,<unused11>,-6.50390625,-6.95703125,-8.546875
19,<unused12>,<unused12>,-6.46875,-6.91015625,-8.484375
20,<unused13>,<unused13>,-6.5859375,-7.02734375,-8.5859375
21,<unused14>,<unused14>,-6.484375,-6.94140625,-8.5234375
22,<unused15>,<unused15>,-6.49609375,-6.97265625,-8.5546875
23,<unused16>,<unused16>,-6.48046875,-6.9296875,-8.515625
24,<unused17>,<unused17>,-6.46875,-6.921875,-8.5078125
25,<unused18>,<unused18>,-6.26953125,-6.72265625,-8.3046875
26,<unused19>,<unused19>,-6.47265625,-6.921875,-8.484375
27,<unused20>,<unused20>,-6.51171875,-6.953125,-8.53125
28,<unused21>,<unused21>,-6.4765625,-6.92578125,-8.515625
29,<unused22>,<unused22>,-6.45703125,-6.90625,-8.453125
30,<unused23>,<unused23>,-6.48828125,-6.93359375,-8.5234375
31,<unused24>,<unused24>,-6.44140625,-6.8828125,-8.453125
32,<unused25>,<unused25>,-6.3359375,-6.7890625,-8.359375
33,<unused26>,<unused26>,-6.4140625,-6.859375,-8.421875
34,<unused27>,<unused27>,-6.4453125,-6.91015625,-8.453125
35,<unused28>,<unused28>,-6.52734375,-6.96875,-8.5546875
36,<unused29>,<unused29>,-5.92578125,-6.38671875,-7.9140625
37,<unused30>,<unused30>,-6.4921875,-6.94140625,-8.4765625
38,<unused31>,<unused31>,-6.5234375,-6.96875,-8.5078125
39,<unused32>,<unused32>,-6.48046875,-6.93359375,-8.5234375
40,<unused33>,<unused33>,-6.46484375,-6.9140625,-8.4296875
41,<unused34>,<unused34>,-6.421875,-6.859375,-8.390625
42,<unused35>,<unused35>,-6.453125,-6.90234375,-8.46875
43,<unused36>,<unused36>,-6.40234375,-6.84375,-8.3828125
44,<unused37>,<unused37>,-6.44140625,-6.8828125,-8.4296875
45,<unused38>,<unused38>,-6.4296875,-6.890625,-8.4453125
46,<unused39>,<unused39>,-6.44921875,-6.88671875,-8.46875
47,<unused40>,<unused40>,-6.4609375,-6.91796875,-8.484375
48,<unused41>,<unused41>,-6.4765625,-6.92578125,-8.5
49,<unused42>,<unused42>,-6.5,-6.9453125,-8.53125
50,<unused43>,<unused43>,-6.5234375,-6.96484375,-8.5625
51,<unused44>,<unused44>,-6.046875,-6.53125,-8.1484375
52,<unused45>,<unused45>,-6.5,-6.94921875,-8.5234375
53,<unused46>,<unused46>,-6.23828125,-6.703125,-8.28125
54,<unused47>,<unused47>,-6.4921875,-6.94140625,-8.53125
55,<unused48>,<unused48>,-6.44921875,-6.90625,-8.4609375
56,<unused49>,<unused49>,-6.46875,-6.9140625,-8.4609375
57,<unused50>,<unused50>,-6.37890625,-6.8203125,-8.3359375
58,<unused51>,<unused51>,-6.51171875,-6.95703125,-8.5546875
59,<unused52>,<unused52>,-6.46875,-6.9140625,-8.5
60,<unused53>,<unused53>,-6.4296875,-6.87109375,-8.453125
61,<unused54>,<unused54>,-6.484375,-6.9453125,-8.484375
62,<unused55>,<unused55>,-6.45703125,-6.90234375,-8.4921875
63,<unused56>,<unused56>,-5.9921875,-6.47265625,-8.09375
64,<unused57>,<unused57>,-6.46484375,-6.9140625,-8.4921875
65,<unused58>,<unused58>,-6.43359375,-6.88671875,-8.4609375
66,<unused59>,<unused59>,-6.48046875,-6.92578125,-8.4765625
67,<unused60>,<unused60>,-6.38671875,-6.40234375,-7.5390625
68,<unused61>,<unused61>,-6.15234375,-6.11328125,-7.23828125
69,<unused62>,<unused62>,-5.95703125,-5.890625,-6.82421875
70,<unused63>,<unused63>,-5.8671875,-5.8984375,-6.76953125
71,<unused64>,<unused64>,-6.484375,-6.94140625,-8.5
72,<unused65>,<unused65>,-6.48828125,-6.94921875,-8.4921875
73,<unused66>,<unused66>,-6.40625,-6.859375,-8.421875
74,<unused67>,<unused67>,-6.08203125,-6.5625,-8.1484375
75,<unused68>,<unused68>,-6.484375,-6.93359375,-8.5234375
76,<unused69>,<unused69>,-6.17578125,-6.65625,-8.21875
77,<unused70>,<unused70>,-6.43359375,-6.88671875,-8.4609375
78,<unused71>,<unused71>,-6.50390625,-6.94921875,-8.546875
79,<unused72>,<unused72>,-6.41015625,-6.87890625,-8.421875
80,<unused73>,<unused73>,-6.4609375,-6.8984375,-8.4453125
81,<unused74>,<unused74>,-6.50390625,-6.94921875,-8.5390625
82,<unused75>,<unused75>,-6.5,-6.9375,-8.4609375
83,<unused76>,<unused76>,-6.453125,-6.9140625,-8.4765625
84,<unused77>,<unused77>,-6.43359375,-6.88671875,-8.421875
85,<unused78>,<unused78>,-6.08984375,-6.5703125,-8.203125
86,<unused79>,<unused79>,-6.49609375,-6.94140625,-8.53125
87,<unused80>,<unused80>,-6.4921875,-6.94140625,-8.53125
88,<unused81>,<unused81>,-6.515625,-6.98828125,-8.5
89,<unused82>,<unused82>,-6.4296875,-6.8828125,-8.421875
90,<unused83>,<unused83>,-6.5390625,-6.98828125,-8.546875
91,<unused84>,<unused84>,-6.06640625,-6.5546875,-8.1015625
92,<unused85>,<unused85>,-6.47265625,-6.921875,-8.46875
93,<unused86>,<unused86>,-6.421875,-6.859375,-8.375
94,<unused87>,<unused87>,-6.484375,-6.92578125,-8.484375
95,<unused88>,<unused88>,-6.484375,-6.953125,-8.46875
96,<unused89>,<unused89>,-6.36328125,-6.81640625,-8.3203125
97,<unused90>,<unused90>,-5.99609375,-6.50390625,-8.0546875
98,<unused91>,<unused91>,-6.4765625,-6.91015625,-8.4921875
99,<unused92>,<unused92>,-6.42578125,-6.87109375,-8.390625
100,<unused93>,<unused93>,-6.4453125,-6.8984375,-8.4453125
101,<unused94>,<unused94>,-6.52734375,-6.96875,-8.53125
102,<unused95>,<unused95>,-6.3984375,-6.84765625,-8.375
103,<unused96>,<unused96>,-6.15625,-6.62890625,-8.171875
104,<unused97>,<unused97>,-6.47265625,-6.9375,-8.4765625
105,<unused98>,<unused98>,-6.48828125,-6.94140625,-8.515625
106,<start_of_turn>,<start_of_turn>,-5.76171875,-6.265625,-7.73828125
107,<end_of_turn>,<end_of_turn>,-6.2734375,-6.69921875,-8.2578125
108,"
","
",-6.59375,-6.95703125,-8.671875
109,"

","

",-6.59375,-6.95703125,-8.671875
110,"


","


",-6.59375,-6.95703125,-8.671875
111,"



","



",-6.59375,-6.95703125,-8.671875
112,"




","




",-6.59375,-6.95703125,-8.671875
113,"





","





",-6.59375,-6.95703125,-8.671875
114,"






","






",-6.59375,-6.95703125,-8.671875
115,"







","







",-6.59375,-6.95703125,-8.671875
116,"








","








",-6.59375,-6.95703125,-8.671875
117,"









","









",-6.59375,-6.95703125,-8.671875
118,"










","










",-6.59375,-6.95703125,-8.671875
119,"











","











",-6.59375,-6.95703125,-8.671875
120,"












","












",-6.59375,-6.95703125,-8.671875
121,"













","













",-6.59375,-6.95703125,-8.671875
122,"














","














",-6.59375,-6.95703125,-8.671875
123,"















","















",-6.59375,-6.95703125,-8.671875
124,"
















","
















",-6.59375,-6.95703125,-8.671875
125,"

















","

















",-6.59375,-6.95703125,-8.671875
126,"


















","


















",-6.59375,-6.95703125,-8.671875
127,"



















","



















",-6.59375,-6.95703125,-8.671875
128,"




















","




















",-6.59375,-6.95703125,-8.671875
129,"





















","





















",-6.59375,-6.95703125,-8.671875
130,"






















","






















",-6.59375,-6.95703125,-8.671875
131,"























","























",-6.59375,-6.95703125,-8.671875
132,"
























","
























",-6.59375,-6.95703125,-8.671875
133,"

























","

























",-6.59375,-6.95703125,-8.671875
134,"


























","


























",-6.59375,-6.95703125,-8.671875
135,"



























","



























",-6.59375,-6.95703125,-8.671875
136,"




























","




























",-6.59375,-6.95703125,-8.671875
137,"





























","





























",-6.59375,-6.95703125,-8.671875
138,"






























","






























",-6.59375,-6.95703125,-8.671875
139,▁▁,  ,-6.59375,-6.95703125,-8.671875
140,▁▁▁,   ,-6.59375,-6.95703125,-8.671875
141,▁▁▁▁,    ,-6.59375,-6.95703125,-8.671875
142,▁▁▁▁▁,     ,-6.59375,-6.95703125,-8.671875
143,▁▁▁▁▁▁,      ,-6.59375,-6.95703125,-8.671875
144,▁▁▁▁▁▁▁,       ,-6.59375,-6.95703125,-8.671875
145,▁▁▁▁▁▁▁▁,        ,-6.59375,-6.95703125,-8.671875
146,▁▁▁▁▁▁▁▁▁,         ,-6.59375,-6.95703125,-8.671875
147,▁▁▁▁▁▁▁▁▁▁,          ,-6.59375,-6.95703125,-8.671875
148,▁▁▁▁▁▁▁▁▁▁▁,           ,-6.59375,-6.95703125,-8.671875
149,▁▁▁▁▁▁▁▁▁▁▁▁,            ,-6.59375,-6.95703125,-8.671875
150,▁▁▁▁▁▁▁▁▁▁▁▁▁,             ,-6.59375,-6.95703125,-8.671875
151,▁▁▁▁▁▁▁▁▁▁▁▁▁▁,              ,-6.59375,-6.95703125,-8.671875
152,▁▁▁▁▁▁▁▁▁▁▁▁▁▁▁,               ,-6.59375,-6.95703125,-8.671875
153,▁▁▁▁▁▁▁▁▁▁▁▁▁▁▁▁,                ,-6.59375,-6.95703125,-8.671875
154,▁▁▁▁▁▁▁▁▁▁▁▁▁▁▁▁▁,                 ,-6.59375,-6.95703125,-8.671875
155,▁▁▁▁▁▁▁▁▁▁▁▁▁▁▁▁▁▁,                  ,-6.59375,-6.95703125,-8.671875
156,▁▁▁▁▁▁▁▁▁▁▁▁▁▁▁▁▁▁▁,                   ,-6.59375,-6.95703125,-8.671875
157,▁▁▁▁▁▁▁▁▁▁▁▁▁▁▁▁▁▁▁▁,                    ,-6.59375,-6.95703125,-8.671875
158,▁▁▁▁▁▁▁▁▁▁▁▁▁▁▁▁▁▁▁▁▁,                     ,-6.59375,-6.95703125,-8.671875
159,▁▁▁▁▁▁▁▁▁▁▁▁▁▁▁▁▁▁▁▁▁▁,                      ,-6.59375,-6.95703125,-8.671875
160,▁▁▁▁▁▁▁▁▁▁▁▁▁▁▁▁▁▁▁▁▁▁▁,                       ,-6.59375,-6.95703125,-8.671875
161,▁▁▁▁▁▁▁▁▁▁▁▁▁▁▁▁▁▁▁▁▁▁▁▁,                        ,-6.59375,-6.95703125,-8.671875
162,▁▁▁▁▁▁▁▁▁▁▁▁▁▁▁▁▁▁▁▁▁▁▁▁▁,                         ,-6.59375,-6.95703125,-8.671875
163,▁▁▁▁▁▁▁▁▁▁▁▁▁▁▁▁▁▁▁▁▁▁▁▁▁▁,                          ,-6.59375,-6.95703125,-8.671875
164,▁▁▁▁▁▁▁▁▁▁▁▁▁▁▁▁▁▁▁▁▁▁▁▁▁▁▁,                           ,-6.59375,-6.95703125,-8.671875
165,▁▁▁▁▁▁▁▁▁▁▁▁▁▁▁▁▁▁▁▁▁▁▁▁▁▁▁▁,                            ,-6.59375,-6.95703125,-8.671875
166,▁▁▁▁▁▁▁▁▁▁▁▁▁▁▁▁▁▁▁▁▁▁▁▁▁▁▁▁▁,                             ,-6.59375,-6.95703125,-8.671875
167,▁▁▁▁▁▁▁▁▁▁▁▁▁▁▁▁▁▁▁▁▁▁▁▁▁▁▁▁▁▁,                              ,-6.59375,-6.95703125,-8.671875
168,▁▁▁▁▁▁▁▁▁▁▁▁▁▁▁▁▁▁▁▁▁▁▁▁▁▁▁▁▁▁▁,                               ,-6.59375,-6.95703125,-8.671875
169,<table>,<table>,-7.234375,-7.5390625,-7.99609375
170,<caption>,<caption>,-6.80859375,-7.11328125,-7.7578125
171,<thead>,<thead>,-7.2578125,-7.63671875,-8.3828125
172,<tbody>,<tbody>,-7.16796875,-7.37890625,-7.96484375
173,<tfoot>,<tfoot>,-6.37109375,-6.53125,-7.39453125
174,<tr>,<tr>,-7.25,-7.328125,-7.796875
175,<th>,<th>,-6.765625,-7.15234375,-7.41015625
176,<td>,<td>,-6.4921875,-6.75,-7.15234375
177,</table>,</table>,-6.80078125,-7.02734375,-7.88671875
178,</caption>,</caption>,-5.95703125,-6.21484375,-7.5234375
179,</thead>,</thead>,-6.3046875,-6.63671875,-7.35546875
180,</tbody>,</tbody>,-6.1328125,-6.39453125,-7.6015625
181,</tfoot>,</tfoot>,-4.56640625,-5.23828125,-7.0546875
182,</tr>,</tr>,-6.875,-7.07421875,-7.7421875
183,</th>,</th>,-5.97265625,-6.265625,-7.4140625
184,</td>,</td>,-6.2890625,-6.53125,-7.49609375
185,<h1>,<h1>,-6.48828125,-7.0859375,-7.6484375
186,<h2>,<h2>,-5.84765625,-6.6171875,-7.02734375
187,<h3>,<h3>,-5.3203125,-6.0,-6.6875
188,<h4>,<h4>,-5.98046875,-6.58203125,-6.83203125
189,<h5>,<h5>,-5.98046875,-6.578125,-7.5625
190,<h6>,<h6>,-5.84375,-6.20703125,-7.25
191,<blockquote>,<blockquote>,-6.25,-6.57421875,-7.6796875
192,</h1>,</h1>,-5.48828125,-5.79296875,-7.109375
193,</h2>,</h2>,-5.41796875,-5.84375,-7.48046875
194,</h3>,</h3>,-5.453125,-5.8828125,-7.21875
195,</h4>,</h4>,-5.52734375,-5.9765625,-7.47265625
196,</h5>,</h5>,-5.4453125,-5.8359375,-7.3515625
197,</h6>,</h6>,-5.2890625,-5.72265625,-7.328125
198,</blockquote>,</blockquote>,-6.08203125,-6.32421875,-7.58984375
199,<strong>,<strong>,-5.22265625,-6.13671875,-6.4765625
200,<em>,<em>,-5.26953125,-6.00390625,-6.640625
201,<b>,<b>,-5.5859375,-6.3359375,-6.94140625
202,<i>,<i>,-4.765625,-5.359375,-6.125
203,<u>,<u>,-5.01953125,-5.7734375,-6.296875
204,<s>,<s>,-5.33984375,-5.96875,-6.484375
205,<sub>,<sub>,-6.34765625,-6.75,-8.0
206,<sup>,<sup>,-5.8125,-6.2421875,-7.4375
207,<code>,<code>,-7.1640625,-7.4921875,-7.82421875
208,</strong>,</strong>,-5.25390625,-5.796875,-7.515625
209,</em>,</em>,-5.14453125,-5.7109375,-7.33203125
210,</b>,</b>,-5.26171875,-5.765625,-7.43359375
211,</i>,</i>,-5.140625,-5.546875,-6.98828125
212,</u>,</u>,-5.55859375,-5.98046875,-7.640625
213,</s>,</s>,-5.41796875,-5.67578125,-6.87109375
214,</sub>,</sub>,-4.99609375,-5.48828125,-7.171875
215,</sup>,</sup>,-5.01953125,-5.37890625,-7.14453125
216,</code>,</code>,-6.01953125,-6.3671875,-7.703125
